{
    "AttackThrust": {
        "Duration": [
            0.4000000059604645,
            1.0
        ],
        "Power": 1.2000000476837158
    }
}
