{
    "AttackJump": {
        "Duration": [
            0.6000000238418579,
            1.2000000476837158
        ],
        "Name": [
            "SlashJamp"
        ],
        "Power": 1.100000023841858
    }
}
