{
    "Camera": {
        "FarClip": 1000.0,
        "NearClip": 0.10000000149011612,
        "Offset": [
            0.0,
            5.0,
            -24.0
        ],
        "RotLimitMax": [
            0.5120000243186951,
            3.140000104904175,
            0.0
        ],
        "RotLimitMin": [
            0.032999999821186066,
            -3.140000104904175,
            0.0
        ],
        "Sensitivity": 0.05000000074505806,
        "VerticalFOV": 0.5
    }
}
