{
    "Camera": {
        "FarClip": 1000.0,
        "NearClip": 0.10000000149011612,
        "Offset": [
            0.0,
            2.0,
            -8.0
        ],
        "Sensitivity": 0.05000000074505806,
        "VerticalFOV": 0.44999998807907104
    }
}
