{
    "SelectingBackUI": {
        "Alpha": 0.0,
        "Anchor": [
            0.5,
            0.5
        ],
        "Color": [
            1.0,
            1.0,
            0.0
        ],
        "Pos": [
            640.0,
            550.0
        ],
        "Scale": [
            2.799999952316284,
            0.44999998807907104
        ],
        "Texture": "System/UITB",
        "Type": "Fade"
    }
}
