{
    "root": {
        "Pos": [
            311.70867919921875,
            32.309959411621094
        ],
        "child": [
            {
                "Slashs": {
                    "Pos": [
                        384.70867919921875,
                        -27.690040588378906
                    ],
                    "child": [
                        {
                            "Slash": {
                                "Pos": [
                                    478.70867919921875,
                                    -65.6900405883789
                                ],
                                "index": 2,
                                "tag": "ACTION"
                            }
                        },
                        {
                            "Slash1": {
                                "Pos": [
                                    476.70867919921875,
                                    53.309959411621094
                                ],
                                "index": 3,
                                "tag": "ACTION"
                            }
                        }
                    ],
                    "index": 1,
                    "tag": "SEQUENCE"
                }
            },
           
            {
                "aa": {
                    "Pos": [
                        406.12646484375,
                        173.52188110351563
                    ],
                    "child": [
                        {
                            "Slash2": {
                                "Pos": [
                                    495.70867919921875,
                                    188.30996704101563
                                ],
                                "index": 4,
                                "tag": "ACTION"
                            }
                        }
                    ],
                    "index": 5,
                    "tag": "SELECT"
                }
            }
        ],
        "index": 0,
        "tag": "SELECT"
    }
}
